{"files":{"styles/github-gist.min-acfbf141dac7c1dea84e2deb4fda718cb49b73a2610335f12c6f1202257066a1.css":{"logical_path":"styles/github-gist.min.css","mtime":"2017-02-19T13:32:28+00:00","size":681,"digest":"acfbf141dac7c1dea84e2deb4fda718cb49b73a2610335f12c6f1202257066a1","integrity":"sha256-rPvxQdrHwd6oTi3rT9pxjLSbc6JhAzXxLG8SAiVwZqE="},"styles/asciidoctor-eae1e95804392c5a586cb291a7aaacd774a8307a4f634691b2a0566f7b357fb8.css":{"logical_path":"styles/asciidoctor.css","mtime":"2017-02-07T22:49:11+00:00","size":30313,"digest":"eae1e95804392c5a586cb291a7aaacd774a8307a4f634691b2a0566f7b357fb8","integrity":"sha256-6uHpWAQ5LFpYbLKRp6qs13SoMHpPY0aRsqBWb3s1f7g="},"photoswipe/photoswipe.min-5f70246a3138eedd26c1bd5027a71c2166efaf2d476294c5299a927ccdc2db07.js":{"logical_path":"photoswipe/photoswipe.min.js","mtime":"2017-02-19T13:32:28+00:00","size":31619,"digest":"5f70246a3138eedd26c1bd5027a71c2166efaf2d476294c5299a927ccdc2db07","integrity":"sha256-X3AkajE47t0mwb1QJ6ccIWbvry1HYpTFKZqSfM3C2wc="},"photoswipe/photoswipe-ui-default.min-37e28216333d18cd9e43681d456d67e26e0ff9eb5e6de9db4c898f627b7bc9dc.js":{"logical_path":"photoswipe/photoswipe-ui-default.min.js","mtime":"2017-02-19T13:32:28+00:00","size":9767,"digest":"37e28216333d18cd9e43681d456d67e26e0ff9eb5e6de9db4c898f627b7bc9dc","integrity":"sha256-N+KCFjM9GM2eQ2gdRW1n4m4P+etebenbTImPYnt7ydw="},"photoswipe/photoswipe-492f7e0e4eab7a394337fae487381bb0e42102535272dea5bdf25d7e1132b341.css":{"logical_path":"photoswipe/photoswipe.css","mtime":"2017-02-07T22:49:11+00:00","size":2504,"digest":"492f7e0e4eab7a394337fae487381bb0e42102535272dea5bdf25d7e1132b341","integrity":"sha256-SS9+Dk6rejlDN/rkhzgbsOQhAlNSct6lvfJdfhEys0E="},"photoswipe/default-skin/default-skin-9c34f7ee60adcaf5f67fb56e0bfc631af3a2b38761fc26e59fa291897fd72816.css":{"logical_path":"photoswipe/default-skin/default-skin.css","mtime":"2017-02-07T22:49:11+00:00","size":7969,"digest":"9c34f7ee60adcaf5f67fb56e0bfc631af3a2b38761fc26e59fa291897fd72816","integrity":"sha256-nDT37mCtyvX2f7VuC/xjGvOis4dh/Cbln6KRiX/XKBY="},"print-e3b0c44298fc1c149afbf4c8996fb92427ae41e4649b934ca495991b7852b855.css":{"logical_path":"print.css","mtime":"2017-02-08T06:51:44+00:00","size":0,"digest":"e3b0c44298fc1c149afbf4c8996fb92427ae41e4649b934ca495991b7852b855","integrity":"sha256-47DEQpj8HBSa+/TImW+5JCeuQeRkm5NMpJWZG3hSuFU="},"rails_admin/rails_admin-992c3fc2a8d42aa22164e438c26373f053894619bdea506f7e7bb0aa63f5af8a.js":{"logical_path":"rails_admin/rails_admin.js","mtime":"2017-02-19T13:34:13+00:00","size":551313,"digest":"992c3fc2a8d42aa22164e438c26373f053894619bdea506f7e7bb0aa63f5af8a","integrity":"sha256-mSw/wqjUKqIhZOQ4wmNz8FOJRhm96lBvfnuwqmP1r4o="},"rails_admin/rails_admin-2029ae82acefcf5fb76da30db262517a15f880c98f03173ab73d9c9af6339ea6.css":{"logical_path":"rails_admin/rails_admin.css","mtime":"2017-02-07T22:50:38+00:00","size":190537,"digest":"2029ae82acefcf5fb76da30db262517a15f880c98f03173ab73d9c9af6339ea6","integrity":"sha256-ICmugqzvz1+3baMNsmJRehX4gMmPAxc6tz2cmvYznqY="},"rails_admin/aristo/images/bg_fallback-bad53cee26694a42bdba717337e2de9f997ebf3ded300b8c3ff48ac5192c1903.png":{"logical_path":"rails_admin/aristo/images/bg_fallback.png","mtime":"2017-02-19T13:34:13+00:00","size":168,"digest":"bad53cee26694a42bdba717337e2de9f997ebf3ded300b8c3ff48ac5192c1903","integrity":"sha256-utU87iZpSkK9unFzN+Len5l+vz3tMAuMP/SKxRksGQM="},"rails_admin/aristo/images/ui-icons_222222_256x240-310ae73efc6774716f0a80ce2141565fddec51702330a8066fd5e220437ae321.png":{"logical_path":"rails_admin/aristo/images/ui-icons_222222_256x240.png","mtime":"2017-02-19T13:34:13+00:00","size":3699,"digest":"310ae73efc6774716f0a80ce2141565fddec51702330a8066fd5e220437ae321","integrity":"sha256-MQrnPvxndHFvCoDOIUFWX93sUXAjMKgGb9XiIEN64yE="},"rails_admin/aristo/images/ui-icons_454545_256x240-d59c6da436d1a19aa35bcbf2d400ad160f2b2568fbbfa2f9ebfc192d14025474.png":{"logical_path":"rails_admin/aristo/images/ui-icons_454545_256x240.png","mtime":"2017-02-19T13:34:13+00:00","size":3699,"digest":"d59c6da436d1a19aa35bcbf2d400ad160f2b2568fbbfa2f9ebfc192d14025474","integrity":"sha256-1ZxtpDbRoZqjW8vy1ACtFg8rJWj7v6L56/wZLRQCVHQ="},"rails_admin/aristo/images/icon_sprite-34a30806fcba43a2effc9739cb7a370a865199a7d38bfcbc7c2474ef3ff70ded.png":{"logical_path":"rails_admin/aristo/images/icon_sprite.png","mtime":"2017-02-19T13:34:13+00:00","size":2660,"digest":"34a30806fcba43a2effc9739cb7a370a865199a7d38bfcbc7c2474ef3ff70ded","integrity":"sha256-NKMIBvy6Q6Lv/Jc5y3o3CoZRmafTi/y8fCR07z/3De0="},"rails_admin/aristo/images/slider_handles-4b523f3d1bd18af5fec23ec7d58ed85e4c7e8f4685fe85a8407e2d9017bf6484.png":{"logical_path":"rails_admin/aristo/images/slider_handles.png","mtime":"2017-02-19T13:34:13+00:00","size":1351,"digest":"4b523f3d1bd18af5fec23ec7d58ed85e4c7e8f4685fe85a8407e2d9017bf6484","integrity":"sha256-S1I/PRvRivX+wj7H1Y7YXkx+j0aF/oWoQH4tkBe/ZIQ="},"rails_admin/aristo/images/progress_bar-a2ed712d76dcffc7a06918cd389511bca2cf7bb91c12b1d865bf44c7b2c46289.gif":{"logical_path":"rails_admin/aristo/images/progress_bar.gif","mtime":"2017-02-19T13:34:13+00:00","size":494,"digest":"a2ed712d76dcffc7a06918cd389511bca2cf7bb91c12b1d865bf44c7b2c46289","integrity":"sha256-ou1xLXbc/8egaRjNOJURvKLPe7kcErHYZb9Ex7LEYok="},"rails_admin/multiselect/icon_sprite-34a30806fcba43a2effc9739cb7a370a865199a7d38bfcbc7c2474ef3ff70ded.png":{"logical_path":"rails_admin/multiselect/icon_sprite.png","mtime":"2017-02-19T13:34:13+00:00","size":2660,"digest":"34a30806fcba43a2effc9739cb7a370a865199a7d38bfcbc7c2474ef3ff70ded","integrity":"sha256-NKMIBvy6Q6Lv/Jc5y3o3CoZRmafTi/y8fCR07z/3De0="},"rails_admin/multiselect/ui-icon-circle-triangle-n-light-e7daf3169259a9fd6b8177b8e89ff2b964cd3dababd580a46d7fb4eecc07763b.png":{"logical_path":"rails_admin/multiselect/ui-icon-circle-triangle-n-light.png","mtime":"2017-02-19T13:34:13+00:00","size":492,"digest":"e7daf3169259a9fd6b8177b8e89ff2b964cd3dababd580a46d7fb4eecc07763b","integrity":"sha256-59rzFpJZqf1rgXe46J/yuWTNPaur1YCkbX+07swHdjs="},"rails_admin/multiselect/ui-icon-circle-triangle-n-dark-bb53269e44173a496d2620bad201ca838a57b67c40b3439b5ce89345ef9e888b.png":{"logical_path":"rails_admin/multiselect/ui-icon-circle-triangle-n-dark.png","mtime":"2017-02-19T13:34:13+00:00","size":334,"digest":"bb53269e44173a496d2620bad201ca838a57b67c40b3439b5ce89345ef9e888b","integrity":"sha256-u1MmnkQXOkltJiC60gHKg4pXtnxAs0ObXOiTRe+eiIs="},"rails_admin/multiselect/ui-icon-circle-triangle-s-light-e1698d37f37f7db85ce6736810a34b1a229306be8a3f3be156fbaa47dd6cd160.png":{"logical_path":"rails_admin/multiselect/ui-icon-circle-triangle-s-light.png","mtime":"2017-02-19T13:34:13+00:00","size":484,"digest":"e1698d37f37f7db85ce6736810a34b1a229306be8a3f3be156fbaa47dd6cd160","integrity":"sha256-4WmNN/N/fbhc5nNoEKNLGiKTBr6KPzvhVvuqR91s0WA="},"rails_admin/multiselect/ui-icon-circle-triangle-s-dark-2bf097798e2b1db766a16ff4f335d3fe94bd51f92dc2ddf47c8a370ba31189c0.png":{"logical_path":"rails_admin/multiselect/ui-icon-circle-triangle-s-dark.png","mtime":"2017-02-19T13:34:13+00:00","size":338,"digest":"2bf097798e2b1db766a16ff4f335d3fe94bd51f92dc2ddf47c8a370ba31189c0","integrity":"sha256-K/CXeY4rHbdmoW/08zXT/pS9Ufktwt30fIo3C6MRicA="},"rails_admin/colorpicker/select2-8ddf680d1a86d603653e43f694bbb6dc1010aa81f5c0c9c87181e10e064e503b.png":{"logical_path":"rails_admin/colorpicker/select2.png","mtime":"2017-02-19T13:34:13+00:00","size":305,"digest":"8ddf680d1a86d603653e43f694bbb6dc1010aa81f5c0c9c87181e10e064e503b","integrity":"sha256-jd9oDRqG1gNlPkP2lLu23BAQqoH1wMnIcYHhDgZOUDs="},"rails_admin/colorpicker/custom_background-52967b595ae718ad95520b9cf2b22551fb8cb0d81a171db869b00d2b604b4976.png":{"logical_path":"rails_admin/colorpicker/custom_background.png","mtime":"2017-02-19T13:34:13+00:00","size":1557,"digest":"52967b595ae718ad95520b9cf2b22551fb8cb0d81a171db869b00d2b604b4976","integrity":"sha256-UpZ7WVrnGK2VUguc8rIlUfuMsNgaFx24abANK2BLSXY="},"rails_admin/colorpicker/colorpicker_overlay-ba21ab85c59167b61af508e34a22ee344c97bb11454d287a47691fa2fb182856.png":{"logical_path":"rails_admin/colorpicker/colorpicker_overlay.png","mtime":"2017-02-19T13:34:13+00:00","size":6971,"digest":"ba21ab85c59167b61af508e34a22ee344c97bb11454d287a47691fa2fb182856","integrity":"sha256-uiGrhcWRZ7Ya9QjjSiLuNEyXuxFFTSh6R2kfovsYKFY="},"rails_admin/colorpicker/colorpicker_select-980ae86d6aab751f6f67a1191d78c0fa54b533583456b905ec43b34d5806ee2d.gif":{"logical_path":"rails_admin/colorpicker/colorpicker_select.gif","mtime":"2017-02-19T13:34:13+00:00","size":72,"digest":"980ae86d6aab751f6f67a1191d78c0fa54b533583456b905ec43b34d5806ee2d","integrity":"sha256-mArobWqrdR9vZ6EZHXjA+lS1M1g0VrkF7EOzTVgG7i0="},"rails_admin/colorpicker/custom_indic-8ca62ee85015e67671f2312a2fead633740335f65e254d8f4c3ea29b99f62de7.gif":{"logical_path":"rails_admin/colorpicker/custom_indic.gif","mtime":"2017-02-19T13:34:13+00:00","size":85,"digest":"8ca62ee85015e67671f2312a2fead633740335f65e254d8f4c3ea29b99f62de7","integrity":"sha256-jKYu6FAV5nZx8jEqL+rWM3QDNfZeJU2PTD6im5n2Lec="},"rails_admin/colorpicker/custom_hex-4b1a7b08312edc3732cf30c7d8d5291abea41c64311c3d05d67a586cbe3dcf37.png":{"logical_path":"rails_admin/colorpicker/custom_hex.png","mtime":"2017-02-19T13:34:13+00:00","size":347,"digest":"4b1a7b08312edc3732cf30c7d8d5291abea41c64311c3d05d67a586cbe3dcf37","integrity":"sha256-Sxp7CDEu3DcyzzDH2NUpGr6kHGQxHD0F1npYbL49zzc="},"rails_admin/colorpicker/custom_rgb_r-54289ccad89df00514d84ba6d16d1a0abc0d61de95dcfc054bf2202e238a7cb6.png":{"logical_path":"rails_admin/colorpicker/custom_rgb_r.png","mtime":"2017-02-19T13:34:13+00:00","size":727,"digest":"54289ccad89df00514d84ba6d16d1a0abc0d61de95dcfc054bf2202e238a7cb6","integrity":"sha256-VCicytid8AUU2Eum0W0aCrwNYd6V3PwFS/IgLiOKfLY="},"rails_admin/colorpicker/custom_rgb_g-8ab4d41c46fc26080b75eecc6f8c25d8f6db5264cf56ecc4993f86d100ebd71f.png":{"logical_path":"rails_admin/colorpicker/custom_rgb_g.png","mtime":"2017-02-19T13:34:13+00:00","size":780,"digest":"8ab4d41c46fc26080b75eecc6f8c25d8f6db5264cf56ecc4993f86d100ebd71f","integrity":"sha256-irTUHEb8JggLde7Mb4wl2PbbUmTPVuzEmT+G0QDr1x8="},"rails_admin/colorpicker/custom_rgb_b-22f2da1810cd9da18a1f93418b8f45bd3cb676aa9790ad5e1aba37779fb3ac31.png":{"logical_path":"rails_admin/colorpicker/custom_rgb_b.png","mtime":"2017-02-19T13:34:13+00:00","size":722,"digest":"22f2da1810cd9da18a1f93418b8f45bd3cb676aa9790ad5e1aba37779fb3ac31","integrity":"sha256-IvLaGBDNnaGKH5NBi49FvTy2dqqXkK1eGro3d5+zrDE="},"rails_admin/colorpicker/custom_hsb_h-df01edb80a710cdd9d9057201eaa682a8c86cd80ad6c6929f1d4a9182ad6aed3.png":{"logical_path":"rails_admin/colorpicker/custom_hsb_h.png","mtime":"2017-02-19T13:34:13+00:00","size":711,"digest":"df01edb80a710cdd9d9057201eaa682a8c86cd80ad6c6929f1d4a9182ad6aed3","integrity":"sha256-3wHtuApxDN2dkFcgHqpoKoyGzYCtbGkp8dSpGCrWrtM="},"rails_admin/colorpicker/custom_hsb_s-9277f3fd9eb79baef2384f7b38968184fd40d631024149c7b41543b7796c0706.png":{"logical_path":"rails_admin/colorpicker/custom_hsb_s.png","mtime":"2017-02-19T13:34:13+00:00","size":845,"digest":"9277f3fd9eb79baef2384f7b38968184fd40d631024149c7b41543b7796c0706","integrity":"sha256-knfz/Z63m67yOE97OJaBhP1A1jECQUnHtBVDt3lsBwY="},"rails_admin/colorpicker/custom_hsb_b-7160b5fd5c5779102cb91f771b80ef2621dabe10bf06e8359deaefece831b58b.png":{"logical_path":"rails_admin/colorpicker/custom_hsb_b.png","mtime":"2017-02-19T13:34:13+00:00","size":795,"digest":"7160b5fd5c5779102cb91f771b80ef2621dabe10bf06e8359deaefece831b58b","integrity":"sha256-cWC1/VxXeRAsuR93G4DvJiHavhC/Bug1nerv7OgxtYs="},"rails_admin/colorpicker/custom_submit-3a57bad878f6d608b998e36acefe2325d786d4631abeecc5d400ca5c062f5ce5.png":{"logical_path":"rails_admin/colorpicker/custom_submit.png","mtime":"2017-02-19T13:34:13+00:00","size":791,"digest":"3a57bad878f6d608b998e36acefe2325d786d4631abeecc5d400ca5c062f5ce5","integrity":"sha256-Ole62Hj21gi5mONqzv4jJdeG1GMavuzF1ADKXAYvXOU="},"fontawesome-webfont-7bfcab6db99d5cfbf1705ca0536ddc78585432cc5fa41bbd7ad0f009033b2979.eot":{"logical_path":"fontawesome-webfont.eot","mtime":"2017-02-19T13:34:11+00:00","size":165742,"digest":"7bfcab6db99d5cfbf1705ca0536ddc78585432cc5fa41bbd7ad0f009033b2979","integrity":"sha256-e/yrbbmdXPvxcFygU23ceFhUMsxfpBu9etDwCQM7KXk="},"fontawesome-webfont-2adefcbc041e7d18fcf2d417879dc5a09997aa64d675b7a3c4b6ce33da13f3fe.woff2":{"logical_path":"fontawesome-webfont.woff2","mtime":"2017-02-19T13:34:11+00:00","size":77160,"digest":"2adefcbc041e7d18fcf2d417879dc5a09997aa64d675b7a3c4b6ce33da13f3fe","integrity":"sha256-Kt78vAQefRj88tQXh53FoJmXqmTWdbejxLbOM9oT8/4="},"fontawesome-webfont-ba0c59deb5450f5cb41b3f93609ee2d0d995415877ddfa223e8a8a7533474f07.woff":{"logical_path":"fontawesome-webfont.woff","mtime":"2017-02-19T13:34:11+00:00","size":98024,"digest":"ba0c59deb5450f5cb41b3f93609ee2d0d995415877ddfa223e8a8a7533474f07","integrity":"sha256-ugxZ3rVFD1y0Gz+TYJ7i0NmVQVh33foiPoqKdTNHTwc="},"fontawesome-webfont-aa58f33f239a0fb02f5c7a6c45c043d7a9ac9a093335806694ecd6d4edc0d6a8.ttf":{"logical_path":"fontawesome-webfont.ttf","mtime":"2017-02-19T13:34:11+00:00","size":165548,"digest":"aa58f33f239a0fb02f5c7a6c45c043d7a9ac9a093335806694ecd6d4edc0d6a8","integrity":"sha256-qljzPyOaD7AvXHpsRcBD16msmgkzNYBmlOzW1O3A1qg="},"fontawesome-webfont-ad6157926c1622ba4e1d03d478f1541368524bfc46f51e42fe0d945f7ef323e4.svg":{"logical_path":"fontawesome-webfont.svg","mtime":"2017-02-19T13:34:11+00:00","size":444379,"digest":"ad6157926c1622ba4e1d03d478f1541368524bfc46f51e42fe0d945f7ef323e4","integrity":"sha256-rWFXkmwWIrpOHQPUePFUE2hSS/xG9R5C/g2UX37zI+Q="},"rails_admin/jquery.colorpicker-53523840ff1c0eb62916b6dce79f11aba975e8e04df522191d1e7703eb235fb0.js":{"logical_path":"rails_admin/jquery.colorpicker.js","mtime":"2017-02-19T13:34:13+00:00","size":10397,"digest":"53523840ff1c0eb62916b6dce79f11aba975e8e04df522191d1e7703eb235fb0","integrity":"sha256-U1I4QP8cDrYpFrbc558Rq6l16OBN9SIZHR53A+sjX7A="},"rails_admin/jquery.colorpicker-17a04cd55ca585e49dd291bbe9ff1c5dc7ebefc092eac763d85512eba90f4821.css":{"logical_path":"rails_admin/jquery.colorpicker.css","mtime":"2017-02-19T13:34:13+00:00","size":4202,"digest":"17a04cd55ca585e49dd291bbe9ff1c5dc7ebefc092eac763d85512eba90f4821","integrity":"sha256-F6BM1VylheSd0pG76f8cXcfr78CS6sdj2FUS66kPSCE="},"404-962f0b0909978f764854e07fe6dce023a5c269fb019c4d60964ec3315ee3e08b.png":{"logical_path":"404.png","mtime":"2017-02-19T13:32:28+00:00","size":13081,"digest":"962f0b0909978f764854e07fe6dce023a5c269fb019c4d60964ec3315ee3e08b","integrity":"sha256-li8LCQmXj3ZIVOB/5tzgI6XCafsBnE1glk7DMV7j4Is="},"dark-dots-50a86c62631501bb14cde68303f4b5ebf83bc749dfb1dd5e07d102bedb0873f6.png":{"logical_path":"dark-dots.png","mtime":"2017-02-19T13:32:28+00:00","size":89,"digest":"50a86c62631501bb14cde68303f4b5ebf83bc749dfb1dd5e07d102bedb0873f6","integrity":"sha256-UKhsYmMVAbsUzeaDA/S16/g7x0nfsd1eB9ECvtsIc/Y="},"favicon-b4efd2171ee890e5dd7d1621f5f267318f46d46c368105bb1fb92bc0466a4e92.png":{"logical_path":"favicon.png","mtime":"2017-02-19T13:32:28+00:00","size":3244,"digest":"b4efd2171ee890e5dd7d1621f5f267318f46d46c368105bb1fb92bc0466a4e92","integrity":"sha256-tO/SFx7okOXdfRYh9fJnMY9G1Gw2gQW7H7krwEZqTpI="},"landing-c2af8bf7162eb9085cffae06c87c0be2ad8a52191e9b6600384821600ca52b7e.jpg":{"logical_path":"landing.jpg","mtime":"2017-02-19T13:32:28+00:00","size":188359,"digest":"c2af8bf7162eb9085cffae06c87c0be2ad8a52191e9b6600384821600ca52b7e","integrity":"sha256-wq+L9xYuuQhc/64GyHwL4q2KUhkem2YAOEghYAylK34="},"loading-80d7ed3f3f4b50628f219778db814955e7d2007c05be88556778f90ee290715c.gif":{"logical_path":"loading.gif","mtime":"2017-02-19T13:32:28+00:00","size":866,"digest":"80d7ed3f3f4b50628f219778db814955e7d2007c05be88556778f90ee290715c","integrity":"sha256-gNftPz9LUGKPIZd424FJVefSAHwFvohVZ3j5DuKQcVw="},"logo-161a20f47c35dad89bdb75c577d99d5f9bee4b4b39b80134193829702d20c24b.svg":{"logical_path":"logo.svg","mtime":"2017-02-19T13:32:28+00:00","size":2047,"digest":"161a20f47c35dad89bdb75c577d99d5f9bee4b4b39b80134193829702d20c24b","integrity":"sha256-Fhog9Hw12tib23XFd9mdX5vuS0s5uAE0GTgpcC0gwks="},"application-708e4573093c972c85714ac70924789a265b657d7ba144b3463bce7f82386653.js":{"logical_path":"application.js","mtime":"2017-02-19T13:34:13+00:00","size":146717,"digest":"708e4573093c972c85714ac70924789a265b657d7ba144b3463bce7f82386653","integrity":"sha256-cI5Fcwk8lyyFcUrHCSR4miZbZX17oUSzRjvOf4I4ZlM="},"application-cbdb55766f73b70d6a126b95fc0069f8c3b28d0ac97b2387b9b8caa022117b56.css":{"logical_path":"application.css","mtime":"2017-02-08T06:47:20+00:00","size":133250,"digest":"cbdb55766f73b70d6a126b95fc0069f8c3b28d0ac97b2387b9b8caa022117b56","integrity":"sha256-y9tVdm9ztw1qEmuV/ABp+MOyjQrJeyOHubjKoCIRe1Y="},"bootstrap/glyphicons-halflings-regular-13634da87d9e23f8c3ed9108ce1724d183a39ad072e73e1b3d8cbf646d2d0407.eot":{"logical_path":"bootstrap/glyphicons-halflings-regular.eot","mtime":"2017-02-19T13:34:06+00:00","size":20127,"digest":"13634da87d9e23f8c3ed9108ce1724d183a39ad072e73e1b3d8cbf646d2d0407","integrity":"sha256-E2NNqH2eI/jD7ZEIzhck0YOjmtBy5z4bPYy/ZG0tBAc="},"bootstrap/glyphicons-halflings-regular-fe185d11a49676890d47bb783312a0cda5a44c4039214094e7957b4c040ef11c.woff2":{"logical_path":"bootstrap/glyphicons-halflings-regular.woff2","mtime":"2017-02-19T13:34:06+00:00","size":18028,"digest":"fe185d11a49676890d47bb783312a0cda5a44c4039214094e7957b4c040ef11c","integrity":"sha256-/hhdEaSWdokNR7t4MxKgzaWkTEA5IUCU55V7TAQO8Rw="},"bootstrap/glyphicons-halflings-regular-a26394f7ede100ca118eff2eda08596275a9839b959c226e15439557a5a80742.woff":{"logical_path":"bootstrap/glyphicons-halflings-regular.woff","mtime":"2017-02-19T13:34:06+00:00","size":23424,"digest":"a26394f7ede100ca118eff2eda08596275a9839b959c226e15439557a5a80742","integrity":"sha256-omOU9+3hAMoRjv8u2ghZYnWpg5uVnCJuFUOVV6WoB0I="},"bootstrap/glyphicons-halflings-regular-e395044093757d82afcb138957d06a1ea9361bdcf0b442d06a18a8051af57456.ttf":{"logical_path":"bootstrap/glyphicons-halflings-regular.ttf","mtime":"2017-02-19T13:34:06+00:00","size":45404,"digest":"e395044093757d82afcb138957d06a1ea9361bdcf0b442d06a18a8051af57456","integrity":"sha256-45UEQJN1fYKvyxOJV9BqHqk2G9zwtELQahioBRr1dFY="},"bootstrap/glyphicons-halflings-regular-42f60659d265c1a3c30f9fa42abcbb56bd4a53af4d83d316d6dd7a36903c43e5.svg":{"logical_path":"bootstrap/glyphicons-halflings-regular.svg","mtime":"2017-02-19T13:34:06+00:00","size":108738,"digest":"42f60659d265c1a3c30f9fa42abcbb56bd4a53af4d83d316d6dd7a36903c43e5","integrity":"sha256-QvYGWdJlwaPDD5+kKry7Vr1KU69Ng9MW1t16NpA8Q+U="},"photoswipe/default-skin/default-skin-fd2d3fed8d73fb4a3265475c444817343f3383348c254428f85e7b4b076c7dcf.png":{"logical_path":"photoswipe/default-skin/default-skin.png","mtime":"2017-02-19T13:32:28+00:00","size":547,"digest":"fd2d3fed8d73fb4a3265475c444817343f3383348c254428f85e7b4b076c7dcf","integrity":"sha256-/S0/7Y1z+0oyZUdcREgXND8zgzSMJUQo+F57Swdsfc8="},"photoswipe/default-skin/default-skin-6dc726bc8f137fa9051f66fbed7b89480c64986e67253879e9d85bb1a8e2677c.svg":{"logical_path":"photoswipe/default-skin/default-skin.svg","mtime":"2017-02-19T13:32:28+00:00","size":1554,"digest":"6dc726bc8f137fa9051f66fbed7b89480c64986e67253879e9d85bb1a8e2677c","integrity":"sha256-bccmvI8Tf6kFH2b77XuJSAxkmG5nJTh56dhbsajiZ3w="},"photoswipe/default-skin/preloader-80d7ed3f3f4b50628f219778db814955e7d2007c05be88556778f90ee290715c.gif":{"logical_path":"photoswipe/default-skin/preloader.gif","mtime":"2017-02-19T13:32:28+00:00","size":866,"digest":"80d7ed3f3f4b50628f219778db814955e7d2007c05be88556778f90ee290715c","integrity":"sha256-gNftPz9LUGKPIZd424FJVefSAHwFvohVZ3j5DuKQcVw="},"print-3a057f28cd6d7ab2edae2d82ffd6045f5f4916e54fc2249b26fc848872bbaaa2.css":{"logical_path":"print.css","mtime":"2017-02-19T13:32:28+00:00","size":1364,"digest":"3a057f28cd6d7ab2edae2d82ffd6045f5f4916e54fc2249b26fc848872bbaaa2","integrity":"sha256-OgV/KM1terLtri2C/9YEX19JFuVPwiSbJvyEiHK7qqI="},"application-4956f044e3f9b141507cd5cb9bea1fae84050162096c70b0b3f92e9fa3b5c8cb.css":{"logical_path":"application.css","mtime":"2017-02-08T15:49:59+00:00","size":133376,"digest":"4956f044e3f9b141507cd5cb9bea1fae84050162096c70b0b3f92e9fa3b5c8cb","integrity":"sha256-SVbwROP5sUFQfNXLm+ofroQFAWIJbHCws/kun6O1yMs="},"styles/asciidoctor-df8490775f9c766cf52d184b425e12b719d2aec4c1d3fbccccf9a1302a933e35.css":{"logical_path":"styles/asciidoctor.css","mtime":"2017-02-09T10:21:43+00:00","size":39621,"digest":"df8490775f9c766cf52d184b425e12b719d2aec4c1d3fbccccf9a1302a933e35","integrity":"sha256-34SQd1+cdmz1LRhLQl4StxnSrsTB0/vMzPmhMCqTPjU="},"photoswipe/photoswipe.min-6abf709fe263f52cf9fc241977bac63658296741f1cae4690ce8b580a9f5e0fe.js":{"logical_path":"photoswipe/photoswipe.min.js","mtime":"2017-02-09T10:21:43+00:00","size":31728,"digest":"6abf709fe263f52cf9fc241977bac63658296741f1cae4690ce8b580a9f5e0fe","integrity":"sha256-ar9wn+Jj9Sz5/CQZd7rGNlgpZ0HxyuRpDOi1gKn14P4="},"photoswipe/photoswipe-ui-default.min-2c682c3a0198fa801eed03a221cdf401b06c04dc5f3bc350999026bc7194d809.js":{"logical_path":"photoswipe/photoswipe-ui-default.min.js","mtime":"2017-02-09T10:21:43+00:00","size":9878,"digest":"2c682c3a0198fa801eed03a221cdf401b06c04dc5f3bc350999026bc7194d809","integrity":"sha256-LGgsOgGY+oAe7QOiIc30AbBsBNxfO8NQmZAmvHGU2Ak="},"photoswipe/photoswipe-b4a3cf69df28a60a4599312b7415f9b2e8a5040499de4c06d4d225bfd0c767db.css":{"logical_path":"photoswipe/photoswipe.css","mtime":"2017-02-09T10:21:43+00:00","size":4261,"digest":"b4a3cf69df28a60a4599312b7415f9b2e8a5040499de4c06d4d225bfd0c767db","integrity":"sha256-tKPPad8opgpFmTErdBX5suilBASZ3kwG1NIlv9DHZ9s="},"photoswipe/default-skin/default-skin-c888dc4f171bdfc7dd8891149f66d8963cf960739deffde769c11984326a69f4.css":{"logical_path":"photoswipe/default-skin/default-skin.css","mtime":"2017-02-09T10:21:43+00:00","size":11506,"digest":"c888dc4f171bdfc7dd8891149f66d8963cf960739deffde769c11984326a69f4","integrity":"sha256-yIjcTxcb38fdiJEUn2bYljz5YHOd7/3nacEZhDJqafQ="},"print-6f5d21ca9151a9bc56cdf6ac582b98eb1cbb6fd41cde24522056cae5b2d2e899.css":{"logical_path":"print.css","mtime":"2017-02-09T10:21:43+00:00","size":2184,"digest":"6f5d21ca9151a9bc56cdf6ac582b98eb1cbb6fd41cde24522056cae5b2d2e899","integrity":"sha256-b10hypFRqbxWzfasWCuY6xy7b9Qc3iRSIFbK5bLS6Jk="},"rails_admin/rails_admin-5e7195216361e18f2d9c5bd6ddedfe0a255a984f947add41a2895dd562ff6395.js":{"logical_path":"rails_admin/rails_admin.js","mtime":"2017-02-17T12:53:07+00:00","size":1185059,"digest":"5e7195216361e18f2d9c5bd6ddedfe0a255a984f947add41a2895dd562ff6395","integrity":"sha256-XnGVIWNh4Y8tnFvW3e3+CiVamE+Uet1Boold1WL/Y5U="},"rails_admin/rails_admin-45cbcba4c503c923b83773b4b5fc629e9d13678cc483eae286cfeb6e7a7eca6e.css":{"logical_path":"rails_admin/rails_admin.css","mtime":"2017-02-17T12:53:07+00:00","size":593353,"digest":"45cbcba4c503c923b83773b4b5fc629e9d13678cc483eae286cfeb6e7a7eca6e","integrity":"sha256-RcvLpMUDySO4N3O0tfxinp0TZ4zEg+rihs/rbnp+ym4="},"rails_admin/jquery.colorpicker-3a18b8912af93099a30d1cf8f47c1084f093d1d208863a218e28f098f64dbf78.js":{"logical_path":"rails_admin/jquery.colorpicker.js","mtime":"2017-02-17T12:53:06+00:00","size":18775,"digest":"3a18b8912af93099a30d1cf8f47c1084f093d1d208863a218e28f098f64dbf78","integrity":"sha256-Ohi4kSr5MJmjDRz49HwQhPCT0dIIhjohjijwmPZNv3g="},"rails_admin/jquery.colorpicker-ee7d5f53027673f4df72cf914eb6018649296d2a74c9904f4b22938d2dfffb72.css":{"logical_path":"rails_admin/jquery.colorpicker.css","mtime":"2017-02-17T12:53:07+00:00","size":8907,"digest":"ee7d5f53027673f4df72cf914eb6018649296d2a74c9904f4b22938d2dfffb72","integrity":"sha256-7n1fUwJ2c/Tfcs+RTrYBhkkpbSp0yZBPSyKTjS3/+3I="},"application-541b132935a4ed00e2e63ca581c6b086813517c7697b1ae97be71e9705233f82.js":{"logical_path":"application.js","mtime":"2017-02-17T12:53:07+00:00","size":394378,"digest":"541b132935a4ed00e2e63ca581c6b086813517c7697b1ae97be71e9705233f82","integrity":"sha256-VBsTKTWk7QDi5jylgcawhoE1F8dpexrpe+celwUjP4I="},"application-59f91f490be4d370cd15f39f0a349223b23ee787c61f69b702a5960453e32f0e.css":{"logical_path":"application.css","mtime":"2017-02-17T13:12:30+00:00","size":387170,"digest":"59f91f490be4d370cd15f39f0a349223b23ee787c61f69b702a5960453e32f0e","integrity":"sha256-WfkfSQvk03DNFfOfCjSSI7I+54fGH2m3AqWWBFPjLw4="},"styles/asciidoctor-17b5ecd0da3e95005da9b5aab4b3e6dedd50479c6d8798ae1acbda75335c8ca4.css":{"logical_path":"styles/asciidoctor.css","mtime":"2017-02-19T13:32:28+00:00","size":29845,"digest":"17b5ecd0da3e95005da9b5aab4b3e6dedd50479c6d8798ae1acbda75335c8ca4","integrity":"sha256-F7Xs0No+lQBdqbWqtLPm3t1QR5xth5iuGsvadTNcjKQ="},"photoswipe/photoswipe-7e2ed34581773f4984626c5e6341b199c5caa8a91e6fbb3d20f87e6e8aa3b6d8.css":{"logical_path":"photoswipe/photoswipe.css","mtime":"2017-02-19T13:32:28+00:00","size":2652,"digest":"7e2ed34581773f4984626c5e6341b199c5caa8a91e6fbb3d20f87e6e8aa3b6d8","integrity":"sha256-fi7TRYF3P0mEYmxeY0GxmcXKqKkeb7s9IPh+boqjttg="},"photoswipe/default-skin/default-skin-747946115391203fd0e8383698603465954b1ecc96f5418445bcf98385ff4cd9.css":{"logical_path":"photoswipe/default-skin/default-skin.css","mtime":"2017-02-19T13:32:28+00:00","size":7898,"digest":"747946115391203fd0e8383698603465954b1ecc96f5418445bcf98385ff4cd9","integrity":"sha256-dHlGEVORID/Q6Dg2mGA0ZZVLHsyW9UGERbz5g4X/TNk="},"rails_admin/rails_admin-433cb59ed94d3e988fd900441905f29d32d620aeadfe5276cdc3d750ebd41904.css":{"logical_path":"rails_admin/rails_admin.css","mtime":"2017-02-19T13:34:13+00:00","size":183780,"digest":"433cb59ed94d3e988fd900441905f29d32d620aeadfe5276cdc3d750ebd41904","integrity":"sha256-Qzy1ntlNPpiP2QBEGQXynTLWIK6t/lJ2zcPXUOvUGQQ="},"application-087f6c389d6b2a4bfb80faa995e275d135ec3a6b0d17fb1c02ae26bf3d3ce732.css":{"logical_path":"application.css","mtime":"2017-02-19T13:34:06+00:00","size":130812,"digest":"087f6c389d6b2a4bfb80faa995e275d135ec3a6b0d17fb1c02ae26bf3d3ce732","integrity":"sha256-CH9sOJ1rKkv7gPqpleJ10TXsOmsNF/scAq4mvz085zI="}},"assets":{"styles/github-gist.min.css":"styles/github-gist.min-acfbf141dac7c1dea84e2deb4fda718cb49b73a2610335f12c6f1202257066a1.css","styles/asciidoctor.css":"styles/asciidoctor-17b5ecd0da3e95005da9b5aab4b3e6dedd50479c6d8798ae1acbda75335c8ca4.css","photoswipe/photoswipe.min.js":"photoswipe/photoswipe.min-5f70246a3138eedd26c1bd5027a71c2166efaf2d476294c5299a927ccdc2db07.js","photoswipe/photoswipe-ui-default.min.js":"photoswipe/photoswipe-ui-default.min-37e28216333d18cd9e43681d456d67e26e0ff9eb5e6de9db4c898f627b7bc9dc.js","photoswipe/photoswipe.css":"photoswipe/photoswipe-7e2ed34581773f4984626c5e6341b199c5caa8a91e6fbb3d20f87e6e8aa3b6d8.css","photoswipe/default-skin/default-skin.css":"photoswipe/default-skin/default-skin-747946115391203fd0e8383698603465954b1ecc96f5418445bcf98385ff4cd9.css","print.css":"print-3a057f28cd6d7ab2edae2d82ffd6045f5f4916e54fc2249b26fc848872bbaaa2.css","rails_admin/rails_admin.js":"rails_admin/rails_admin-992c3fc2a8d42aa22164e438c26373f053894619bdea506f7e7bb0aa63f5af8a.js","rails_admin/rails_admin.css":"rails_admin/rails_admin-433cb59ed94d3e988fd900441905f29d32d620aeadfe5276cdc3d750ebd41904.css","rails_admin/aristo/images/bg_fallback.png":"rails_admin/aristo/images/bg_fallback-bad53cee26694a42bdba717337e2de9f997ebf3ded300b8c3ff48ac5192c1903.png","rails_admin/aristo/images/ui-icons_222222_256x240.png":"rails_admin/aristo/images/ui-icons_222222_256x240-310ae73efc6774716f0a80ce2141565fddec51702330a8066fd5e220437ae321.png","rails_admin/aristo/images/ui-icons_454545_256x240.png":"rails_admin/aristo/images/ui-icons_454545_256x240-d59c6da436d1a19aa35bcbf2d400ad160f2b2568fbbfa2f9ebfc192d14025474.png","rails_admin/aristo/images/icon_sprite.png":"rails_admin/aristo/images/icon_sprite-34a30806fcba43a2effc9739cb7a370a865199a7d38bfcbc7c2474ef3ff70ded.png","rails_admin/aristo/images/slider_handles.png":"rails_admin/aristo/images/slider_handles-4b523f3d1bd18af5fec23ec7d58ed85e4c7e8f4685fe85a8407e2d9017bf6484.png","rails_admin/aristo/images/progress_bar.gif":"rails_admin/aristo/images/progress_bar-a2ed712d76dcffc7a06918cd389511bca2cf7bb91c12b1d865bf44c7b2c46289.gif","rails_admin/multiselect/icon_sprite.png":"rails_admin/multiselect/icon_sprite-34a30806fcba43a2effc9739cb7a370a865199a7d38bfcbc7c2474ef3ff70ded.png","rails_admin/multiselect/ui-icon-circle-triangle-n-light.png":"rails_admin/multiselect/ui-icon-circle-triangle-n-light-e7daf3169259a9fd6b8177b8e89ff2b964cd3dababd580a46d7fb4eecc07763b.png","rails_admin/multiselect/ui-icon-circle-triangle-n-dark.png":"rails_admin/multiselect/ui-icon-circle-triangle-n-dark-bb53269e44173a496d2620bad201ca838a57b67c40b3439b5ce89345ef9e888b.png","rails_admin/multiselect/ui-icon-circle-triangle-s-light.png":"rails_admin/multiselect/ui-icon-circle-triangle-s-light-e1698d37f37f7db85ce6736810a34b1a229306be8a3f3be156fbaa47dd6cd160.png","rails_admin/multiselect/ui-icon-circle-triangle-s-dark.png":"rails_admin/multiselect/ui-icon-circle-triangle-s-dark-2bf097798e2b1db766a16ff4f335d3fe94bd51f92dc2ddf47c8a370ba31189c0.png","rails_admin/colorpicker/select2.png":"rails_admin/colorpicker/select2-8ddf680d1a86d603653e43f694bbb6dc1010aa81f5c0c9c87181e10e064e503b.png","rails_admin/colorpicker/custom_background.png":"rails_admin/colorpicker/custom_background-52967b595ae718ad95520b9cf2b22551fb8cb0d81a171db869b00d2b604b4976.png","rails_admin/colorpicker/colorpicker_overlay.png":"rails_admin/colorpicker/colorpicker_overlay-ba21ab85c59167b61af508e34a22ee344c97bb11454d287a47691fa2fb182856.png","rails_admin/colorpicker/colorpicker_select.gif":"rails_admin/colorpicker/colorpicker_select-980ae86d6aab751f6f67a1191d78c0fa54b533583456b905ec43b34d5806ee2d.gif","rails_admin/colorpicker/custom_indic.gif":"rails_admin/colorpicker/custom_indic-8ca62ee85015e67671f2312a2fead633740335f65e254d8f4c3ea29b99f62de7.gif","rails_admin/colorpicker/custom_hex.png":"rails_admin/colorpicker/custom_hex-4b1a7b08312edc3732cf30c7d8d5291abea41c64311c3d05d67a586cbe3dcf37.png","rails_admin/colorpicker/custom_rgb_r.png":"rails_admin/colorpicker/custom_rgb_r-54289ccad89df00514d84ba6d16d1a0abc0d61de95dcfc054bf2202e238a7cb6.png","rails_admin/colorpicker/custom_rgb_g.png":"rails_admin/colorpicker/custom_rgb_g-8ab4d41c46fc26080b75eecc6f8c25d8f6db5264cf56ecc4993f86d100ebd71f.png","rails_admin/colorpicker/custom_rgb_b.png":"rails_admin/colorpicker/custom_rgb_b-22f2da1810cd9da18a1f93418b8f45bd3cb676aa9790ad5e1aba37779fb3ac31.png","rails_admin/colorpicker/custom_hsb_h.png":"rails_admin/colorpicker/custom_hsb_h-df01edb80a710cdd9d9057201eaa682a8c86cd80ad6c6929f1d4a9182ad6aed3.png","rails_admin/colorpicker/custom_hsb_s.png":"rails_admin/colorpicker/custom_hsb_s-9277f3fd9eb79baef2384f7b38968184fd40d631024149c7b41543b7796c0706.png","rails_admin/colorpicker/custom_hsb_b.png":"rails_admin/colorpicker/custom_hsb_b-7160b5fd5c5779102cb91f771b80ef2621dabe10bf06e8359deaefece831b58b.png","rails_admin/colorpicker/custom_submit.png":"rails_admin/colorpicker/custom_submit-3a57bad878f6d608b998e36acefe2325d786d4631abeecc5d400ca5c062f5ce5.png","fontawesome-webfont.eot":"fontawesome-webfont-7bfcab6db99d5cfbf1705ca0536ddc78585432cc5fa41bbd7ad0f009033b2979.eot","fontawesome-webfont.woff2":"fontawesome-webfont-2adefcbc041e7d18fcf2d417879dc5a09997aa64d675b7a3c4b6ce33da13f3fe.woff2","fontawesome-webfont.woff":"fontawesome-webfont-ba0c59deb5450f5cb41b3f93609ee2d0d995415877ddfa223e8a8a7533474f07.woff","fontawesome-webfont.ttf":"fontawesome-webfont-aa58f33f239a0fb02f5c7a6c45c043d7a9ac9a093335806694ecd6d4edc0d6a8.ttf","fontawesome-webfont.svg":"fontawesome-webfont-ad6157926c1622ba4e1d03d478f1541368524bfc46f51e42fe0d945f7ef323e4.svg","rails_admin/jquery.colorpicker.js":"rails_admin/jquery.colorpicker-53523840ff1c0eb62916b6dce79f11aba975e8e04df522191d1e7703eb235fb0.js","rails_admin/jquery.colorpicker.css":"rails_admin/jquery.colorpicker-17a04cd55ca585e49dd291bbe9ff1c5dc7ebefc092eac763d85512eba90f4821.css","404.png":"404-962f0b0909978f764854e07fe6dce023a5c269fb019c4d60964ec3315ee3e08b.png","dark-dots.png":"dark-dots-50a86c62631501bb14cde68303f4b5ebf83bc749dfb1dd5e07d102bedb0873f6.png","favicon.png":"favicon-b4efd2171ee890e5dd7d1621f5f267318f46d46c368105bb1fb92bc0466a4e92.png","landing.jpg":"landing-c2af8bf7162eb9085cffae06c87c0be2ad8a52191e9b6600384821600ca52b7e.jpg","loading.gif":"loading-80d7ed3f3f4b50628f219778db814955e7d2007c05be88556778f90ee290715c.gif","logo.svg":"logo-161a20f47c35dad89bdb75c577d99d5f9bee4b4b39b80134193829702d20c24b.svg","application.js":"application-708e4573093c972c85714ac70924789a265b657d7ba144b3463bce7f82386653.js","application.css":"application-087f6c389d6b2a4bfb80faa995e275d135ec3a6b0d17fb1c02ae26bf3d3ce732.css","bootstrap/glyphicons-halflings-regular.eot":"bootstrap/glyphicons-halflings-regular-13634da87d9e23f8c3ed9108ce1724d183a39ad072e73e1b3d8cbf646d2d0407.eot","bootstrap/glyphicons-halflings-regular.woff2":"bootstrap/glyphicons-halflings-regular-fe185d11a49676890d47bb783312a0cda5a44c4039214094e7957b4c040ef11c.woff2","bootstrap/glyphicons-halflings-regular.woff":"bootstrap/glyphicons-halflings-regular-a26394f7ede100ca118eff2eda08596275a9839b959c226e15439557a5a80742.woff","bootstrap/glyphicons-halflings-regular.ttf":"bootstrap/glyphicons-halflings-regular-e395044093757d82afcb138957d06a1ea9361bdcf0b442d06a18a8051af57456.ttf","bootstrap/glyphicons-halflings-regular.svg":"bootstrap/glyphicons-halflings-regular-42f60659d265c1a3c30f9fa42abcbb56bd4a53af4d83d316d6dd7a36903c43e5.svg","photoswipe/default-skin/default-skin.png":"photoswipe/default-skin/default-skin-fd2d3fed8d73fb4a3265475c444817343f3383348c254428f85e7b4b076c7dcf.png","photoswipe/default-skin/default-skin.svg":"photoswipe/default-skin/default-skin-6dc726bc8f137fa9051f66fbed7b89480c64986e67253879e9d85bb1a8e2677c.svg","photoswipe/default-skin/preloader.gif":"photoswipe/default-skin/preloader-80d7ed3f3f4b50628f219778db814955e7d2007c05be88556778f90ee290715c.gif"}}